Generated_SMILES,Evaluation_Result
CC(C)C(NC(=O)CCCCCCCCCC)CCCCCCCCCCCC1=CC=C(C)C=C1,Valid_Novel_Lipinski_Compliant
O=C(O)CCCC1=C(C=CC=CCCCCCCC2=CC=CC=C2CC)C=C1,Valid_Novel_Lipinski_Compliant
COC=CC=C(C=CC1=CC2=CC=C1C(C)CCCCCC3CCCC=C3C2)C=CC,Valid_Novel_Lipinski_Compliant
O=CCC(C=CCCCCCCCCCCCCCCCCC)CC1CC1CC2=CC=CC=C2,Valid_Novel_Lipinski_Compliant
O=C(C=CC1=CC=CC=C1)CCCCCCCCCCCCCCC2=CC=C(F)C=C2,Valid_Novel_Lipinski_Compliant
C1OC=CC=C(C(=O)C=CC=CC=O)C1C,Valid_Novel_Lipinski_Compliant
NCCCC=C1C=C(CCCCC(CCCC2)CCCC=C2C)C1CC,Valid_Novel_Lipinski_Compliant
CC=CC(NC=CC1=CC=CC=C=C)CCCCCC2CCCC=C2CCCC1,Valid_Novel_Lipinski_Compliant
CC(C)(C)C=CC=CC=C(CCCC1CCCCCCCCCCCCC2C)CCC3=C2C3C=C1,Valid_Novel_Lipinski_Compliant
COC=CC=C(N1C=NC=C1NC(=O)CCCCCCCCC)C=CCC2CCCC(C)C2,Valid_Novel_Lipinski_Compliant
CCCCC=CC(C1NC(=O)C=CC=CCCCCCCC2CC2)C3CC3CC1,Valid_Novel_Lipinski_Compliant
COC=CC1=C(C=NCCC(C(=O)CC=CC)=CC)C=C1,Valid_Novel_Lipinski_Compliant
O=C(NCCC1CC=CCC1)CCC2C=CCCCCCCCC3CC=CC=C3CC2,Valid_Novel_Lipinski_Compliant
CCCC(C)CC(CCCC=CCCCCCC1CCCCCCC)CCC2CCCC=C2CCC1,Valid_Novel_Lipinski_Compliant
O=C(N=CC=CC=CCC)CCCCCC1C=C1C2CC2,Valid_Novel_Lipinski_Compliant
CN(C)C=CC=CC1(C2=CC=CC=C2)CCCCCCCC1,Valid_Novel_Lipinski_Compliant
COC=CC1(CCCCC(NC=O)CCCCC)C2CC2C=C1O,Valid_Novel_Lipinski_Compliant
COC1=CC(O)=CC(=C1)CCCCCCCCCCCCCCCCC2=CC=C(C)C=C2,Valid_Novel_Lipinski_Compliant
CC=CC=CC(C)=C1C(C)C(C)CCCCCCCCC2CCCC=C2C=C1,Valid_Novel_Lipinski_Compliant
CCCC=CC(C)=NCC(C)CCCCC1=CC=CC=C1,Valid_Novel_Lipinski_Compliant
O=C(C=CC=CC1=CC=CC=C1C(C)C)CCCCC=CC2=CC=CC=C2,Valid_Novel_Lipinski_Compliant
OC(CC1=CC=CC=C1)CCCCCCCC2CCCCCCCCCC3=CC=CC=C3C=CC2,Valid_Novel_Lipinski_Compliant
CNC=C(C(CC=O)C=CC=CCCCCCC1CCCCCCCCCC2CCCC3=C2C3C)C1,Valid_Novel_Lipinski_Compliant
NC=C(O)C=CC=CC(CCCCC1C2CCCCCCC3CCCC)=C3C4CC4CC1=C2,Valid_Novel_Lipinski_Compliant
COC=CC=C(C(=O)NCCCCCCCCC1CCCC=C1)C=CC,Valid_Novel_Lipinski_Compliant
COC=CC=C(C=C(C)C=O)CF,Valid_Novel_Lipinski_Compliant
CC1=NOC(C)=C1C(=O)NCCC2=CC=CC=C2CC=O,Valid_Novel_Lipinski_Compliant
COC=CC=CC=C=C=C,Valid_Novel_Lipinski_Compliant
CC(=NNC(=O)NC=CC=CCCC1(C)CC)CC1,Valid_Novel_Lipinski_Compliant
CCC(C)C(=O)CCCCCCCCCCCCCCCCCCCC1CCC2C=C12,Valid_Novel_Lipinski_Compliant
O=C(O)CCC=CC=CC=C1C=CCCCCCCC2=CCCC=C2CCC1,Valid_Novel_Lipinski_Compliant
CC=CC(=O)NC=C(CC)CC=C1CCCCCCCCCCC2=CC=CC3=C2C3C1,Valid_Novel_Lipinski_Compliant
CCOC=CC1=CC=CC(=C1)CCCCCCCCCCC2=CC=C(F)C=C2,Valid_Novel_Lipinski_Compliant
CC(C)C(C)=CC=CC1=CCCCCCCC2CC=CC=C2C1,Valid_Novel_Lipinski_Compliant
CC=CC=CC(N1CCCCC(CCC2CCCCCCCCCCCC3C4C3C4)CC2)=C1,Valid_Novel_Lipinski_Compliant
CNC(=O)NC=C(NC=CC)CC=CCCCCCCCCCCCC1=CC=C(C)C=C1,Valid_Novel_Lipinski_Compliant
CC1=NOC(C)=C1CC(=O)CCCCCCCC2CC2,Valid_Novel_Lipinski_Compliant
CCC=CC=CC=C(C1=CC2=CC=CC=C2CCCCCCCCCCCC3C=C3)C=C1C,Valid_Novel_Lipinski_Compliant
CC=CC1=C(CCCC(C)CCCCCC=2CCCC=C=2)C=C1,Valid_Novel_Lipinski_Compliant
COC1=CC=C(C(=O)NC=CC=C(C)C)C=C1,Valid_Novel_Lipinski_Compliant
NC=NC(CCCCC)CCCCCCCCCCCCC1CC1,Valid_Novel_Lipinski_Compliant
C1OC=CC=C(C2=C=C2C=CC=O)C=C1C,Valid_Novel_Lipinski_Compliant
O=C(C=CC=C1C=C1)C=CC=C(C2CCCCCCCC3CCCC4=C3C4)CCC2,Valid_Novel_Lipinski_Compliant
CC(C)NCCCCCCCCC1CCCCCCCCCCCCCC2CC2=CC1,Valid_Novel_Lipinski_Compliant
CC=C1CC(Cl)=CC=C1CCCCCCCCCC2CCCC2,Valid_Novel_Lipinski_Compliant
CCOC1=CC=CC=C1C(=O)NCC(=C)CCCCCCCC2CCCCC23CC3,Valid_Novel_Lipinski_Compliant
CC=CC(C)=CC1C(CCCC2CCCCCCCCCCC3CC3CCC)C2=N1,Valid_Novel_Lipinski_Compliant
CC(C)CNC(=O)C=CC=CC=CCCCCC1CCCCCCCCCCCCC2CCCC=C21,Valid_Novel_Lipinski_Compliant
COC1=CC=CC=C1NC(=O)CCCC2CCCCC3=CCCC=C3CC2,Valid_Novel_Lipinski_Compliant
O=[N+1]([O-1])C1=CC=CC=C1S(=O)C=O,Valid_Novel_Lipinski_Compliant
C1OC=CC2=CC=CC1(CCCCCCC=CC=CCCCCC=3CC=3CC)C=C2C,Valid_Novel_Lipinski_Compliant
ClC=CC=CNC1=NC=CC=C1CCCCCCCC2CC2,Valid_Novel_Lipinski_Compliant
CCCCC=O,Valid_Novel_Lipinski_Compliant
CCCC(C)CC(=O)C=CCCCCC1CCCCCCCCCC2CCCC=C2CC1,Valid_Novel_Lipinski_Compliant
O=CNC(CC1CCCCC)C2CCCC=C2CCCCCC1,Valid_Novel_Lipinski_Compliant
N#CC=CC(N1CCC=C(CCCC)CCCCCCCCC2C=C2)CC1,Valid_Novel_Lipinski_Compliant
CC(C1)NC=CC=C1NC(=C)C=CCCCCCCCCCCCC2=CC=C(F)C=C2,Valid_Novel_Lipinski_Compliant
CC(CC)CCCCCCCCCCCCCCCCCCCCCCCCC(C)F,Valid_Novel_Lipinski_Compliant
COC1=CC=CC=C1C(=O)NCCCCCCCCCCCCCCCC2CC2,Valid_Novel_Lipinski_Compliant
CC(C)(C)C=CC=C(CCCCC)CCCCCC1CC1,Valid_Novel_Lipinski_Compliant
CC=C1C=CC=C(C=C2C=CC=C(C)CCCCCCCC=3CC=3CC2)C1,Valid_Novel_Lipinski_Compliant
COC(=O)C(CC=O)CCC=CCC1CCCCCCCCCCC2CCCC=C2CCCCC1,Valid_Novel_Lipinski_Compliant
N=CC(=CC=CC=CCCCCCCC)CCCC1=CC=C(Cl)C=C1,Valid_Novel_Lipinski_Compliant
CCCCN(C)C=C1C=CC=CC=CCCC2=CC=CC=C2C=C1,Valid_Novel_Lipinski_Compliant
O=C(O)CCC1=CC=CC=C1C(C)CCCCCC2CCCC2,Valid_Novel_Lipinski_Compliant
C1OC=CC=C1C2C(C(=O)CCC3=CCCC=C3CCC4)C4C=C2,Valid_Novel_Lipinski_Compliant
N1C(=O)NC=CC=CC=C1CCCCC2CCCCCCCCCCCCCCCC#CC2,Valid_Novel_Lipinski_Compliant
CCCCCC=CC=CC(C)=C1C=CCC=C=C1,Valid_Novel_Lipinski_Compliant
O=CCC1(C=CC=CCCCCCCC)CCC1,Valid_Novel_Lipinski_Compliant
N=C(N)CCC1C(C(C)CCCCCCC2CCCC=C2)=C1,Valid_Novel_Lipinski_Compliant
NS(=O)NC=CC1=CC=CC=C1C(C)CCCCCCCCCC2=CC=CC=C2,Valid_Novel_Lipinski_Compliant
O=SO,Valid_Novel_Lipinski_Compliant
COC1=CC=C(C=CC2=CC3=CC=CC=C3C(=O)C2)C=C1,Valid_Novel_Lipinski_Compliant
CC=CC(C)=CC(N1CCCCCCCCCCCCCC)=C1,Valid_Novel_Lipinski_Compliant
O=C(C=CC1=CC=C(Cl)C(Cl)=C1)C2=CC=C3C=C2CCC3,Valid_Novel_Lipinski_Compliant
CCCCC1=CC1CC=CC=CCCCCCCCCCCC2CC2,Valid_Novel_Lipinski_Compliant
CC=CC=C(C(=O)O)C(=O)C=CC=CCCCCCC1CCCCC2=CC=CC=C2CC1,Valid_Novel_Lipinski_Compliant
O=[N+1]([O-1])C1=CC=CC=C1NC=CC=CC=CC=CC=CCCC2CC2CC3=CC=CC=C3,Valid_Novel_Lipinski_Compliant
COC=CC=CC(C1=CC=C2C=C1CCCCCCCCCCCCCCC2C3=CC=C)C=C3,Valid_Novel_Lipinski_Compliant
CC(NC(=O)C1=CC=CC=C1CC)CCCC2CC=CC2,Valid_Novel_Lipinski_Compliant
O=C(NCCC1=CC=C(Cl)C=C1CC)CCCC2=CC=CC3=C2CCCC3,Valid_Novel_Lipinski_Compliant
NC=NCCC(CC=CC=CC=CC(C)C1CCCC=C1C)=C,Valid_Novel_Lipinski_Compliant
CNC=C(C(=O)NCC(=O)CCCCCCCCC1CC1)CC,Valid_Novel_Lipinski_Compliant
N#CC=CC=C(CC1C(=O)CCC=CCCCCCC2CCCC=C2)C=C1,Valid_Novel_Lipinski_Compliant
NC=C(CC)C=O,Valid_Novel_Lipinski_Compliant
O=CCCC(=O)CCCC=C1CCCCCCCCCCCCC#CC1,Valid_Novel_Lipinski_Compliant
O=C(COC=CC=CC(C)CCCCCC)CCCCCCCCCCC1CCCCC1,Valid_Novel_Lipinski_Compliant
CNC(=O)C(C)CCCCCCCCCCC1CCCCCCCCCCCCC2CCCCC21,Valid_Novel_Lipinski_Compliant
NCCNC(=O)C=CC#CCCCCC1CCCCCCCCCCCCCCCCC=2CC=2CC1,Valid_Novel_Lipinski_Compliant
CC1=CC=CC(=C1)CCC2CCCCCCCCCC3CC3C=C=CCC2,Valid_Novel_Lipinski_Compliant
CCCC(=O)NC=CC(C)CC=CCCCC1CCCCCCCCCCCCC2CCCC=C21,Valid_Novel_Lipinski_Compliant
O=C(O)CCC=CC=CC(C1CC=C)C=C1CCC=C,Valid_Novel_Lipinski_Compliant
O=C(O)C=CC=CC=CCCCCCCCC=C=C,Valid_Novel_Lipinski_Compliant
NCCCNC(=O)CC=O,Valid_Novel_Lipinski_Compliant
CCCC(CCC)CCCCC1CCCCCCCCCCCCCCCCCCC=C1,Valid_Novel_Lipinski_Compliant
N=C(N)C1=CC=CC=C1CCCCCCCCCCCCCCCCCCCCCCCCCC=C,Valid_Novel_Lipinski_Compliant
COCC(C)=C(C)C=O,Valid_Novel_Lipinski_Compliant
O=CC=C1C(C(=O)NCCCCCC2C=CCCC2CC3)C3C=CC1,Valid_Novel_Lipinski_Compliant
C1NC(CCCCCCCCCC2C)C21C,Valid_Novel_Lipinski_Compliant
O=C(CCCCC=CC1=CC=CC=CC(C)C)C#CC1O,Valid_Novel_Lipinski_Compliant
COC=CC(CCNC(=O)C=C1C=CCCCCC)C2CC=CC=C21,Valid_Novel_Lipinski_Compliant
CC(=O)NCC=CC(C)=C1CCCCCC2C=CC=CC=C2CCC1,Valid_Novel_Lipinski_Compliant
COC=CC=C1C(CCC(=O)NC=CC=CCCCCC=2CC=CC=C=2)=C1,Valid_Novel_Lipinski_Compliant
O=C(C=CC=CC1=CC=CC=C1C(C)C)CCCCCCC2CCCCC2,Valid_Novel_Lipinski_Compliant
CC1=CC=C(C2=C3C=CC=C2)C1CCCCCCCCCCCCCCCCC4CCCC=C4C3,Valid_Novel_Lipinski_Compliant
NCCCC1C(=O)C=CC=CC2=CCCCC2C=C1,Valid_Novel_Lipinski_Compliant
COC=CC=CC(C)=C(C)C=CCCCCCCCC1CCCC=C1C=C,Valid_Novel_Lipinski_Compliant
C1C=CC=C(C=CC=O)CCCCCCCC2=CC=CC=C21,Valid_Novel_Lipinski_Compliant
O=C(NC1=CC=CC=C1CCCC=CCCCCCCC)CCCCCCCCC2CCCCC2,Valid_Novel_Lipinski_Compliant
COC=CC=C(CC1C(C)=CC=CC=CCCC=CC2CC2CCCCC3CC3)CC=C1C,Valid_Novel_Lipinski_Compliant
CCOC(=O)C=CC1=C(C=CC=CC=CCCCCC2C3C2C3C)C1,Valid_Novel_Lipinski_Compliant
COC=CC=CC(CCCCCCCCCCCCCCC=C1)=C1,Valid_Novel_Lipinski_Compliant
CCCC(=O)NC(O)C=CCCCCCCCCCCCCCCC1=CC=C(Cl)C=C1,Valid_Novel_Lipinski_Compliant
CCCOC=CC=CC(C(=O)C)C1=CC=CC=C1,Valid_Novel_Lipinski_Compliant
CC=CC=C(C(C)(O)CCCCCC1CCCCC1)C=C,Valid_Novel_Lipinski_Compliant
COC=CC=C(OC)C(CCC1CCCCCCCCCCCCCCCCCCC)=C1,Valid_Novel_Lipinski_Compliant
CC(C)NC(=O)NCC1C=C1CCCCCC2CCCCCCCCC3CCCC=C3C2,Valid_Novel_Lipinski_Compliant
CC1CC=CC(C)=C1C(=O)CCC=CC2CCCCCCCCCCCCCCC3CCCC=C3C2,Valid_Novel_Lipinski_Compliant
N#CC1=CC=CC=C1CCCCC=CC=C2C=CC(C)CC3CCCC=C3C2,Valid_Novel_Lipinski_Compliant
O=C(O)C1=CC=CC(C)=C1CC2CCCCCCCCC3=CC=CC4=C3C4C=C2,Valid_Novel_Lipinski_Compliant
COC=CC(C=CCCCC=O)CCCCCCCCCC1CCCCC1C,Valid_Novel_Lipinski_Compliant
O=CC=C(O)C1(C)CCCCCCCCCCCCCCCC=C1,Valid_Novel_Lipinski_Compliant
C123CCC=CC2(C=CC=CC=C1)C=C4CC4C=C3,Valid_Novel_Lipinski_Compliant
COC=CC=C(CNC(=O)C=CC=CC=CC1CCCCCCCCCC2CCCC3=C2C3C)C1C,Valid_Novel_Lipinski_Compliant
C1OC=CC=CC2=C1C=CC=CC(CC3CC)CC=C3C2,Valid_Novel_Lipinski_Compliant
NC1=CC=CC=C1NC(=O)NC=CC2=CC=CC=C2CCCCCC3CCCC3,Valid_Novel_Lipinski_Compliant
O=C(C=CC=CC=C(NCCC=O)CCCCCC1CC)CCC2CC=CC=C2CC1,Valid_Novel_Lipinski_Compliant
CCCC=CC1CC1(CCC(=O)NC=CC=CCCCCCC2CCCC=C2C)C,Valid_Novel_Lipinski_Compliant
CC=C(CCCC(C)=CC=CCCCCCCC1CC1C2)CCCC(C)C2,Valid_Novel_Lipinski_Compliant
C1OC=CC1(C(=O)N2C=CC=CC=CCCCCCCCCCCC3C=C3)C=C2O,Valid_Novel_Lipinski_Compliant
CC=CC=C(C1CC=CC=C1)CCCC=C2CCCCCC=C2,Valid_Novel_Lipinski_Compliant
COC=CC(NC=CC=CC(CC)CCCCCCCC)CCCCCC=C=C=C=C=C,Valid_Novel_Lipinski_Compliant
COC=CC=C(NC(=O)CCC)CC#C,Valid_Novel_Lipinski_Compliant
CC=CC=C(CC=C1C(=O)CCCCCCCCCCCCCCCCCCCC2CC2C)C1,Valid_Novel_Lipinski_Compliant
O=CC=CCCC=CCCCCCCCCCCCC=C,Valid_Novel_Lipinski_Compliant
CC=CC=C(CCNC(=O)C1=CC=CCCCCCCCCCC)CCCCCCCCC(C)=C1,Valid_Novel_Lipinski_Compliant
OC=CC#CCC=CC1=CC=CC=C1CCCCC,Valid_Novel_Lipinski_Compliant
CC(C)C(C)CCCCCCC=CC1=CC=CC=C1,Valid_Novel_Lipinski_Compliant
O=C(CCCCCCC(C1=CC=CC2=C1)C2CCCCCC34)CC3(C)CC4O,Valid_Novel_Lipinski_Compliant
CCCCC(C)CCCCCCCCCCCCCCCC=C=C,Valid_Novel_Lipinski_Compliant
C1C=CC=CC1NC(=O)C=CC=CC=O,Valid_Novel_Lipinski_Compliant
C=CCOC(=O)C(CCCCCCCCCCCCCCCCCCC1CC1)CCC2CC23CC3,Valid_Novel_Lipinski_Compliant
CC(C)N(N)C=CC=CC=CC=CC=CCCCCCCC=CC1=CC=CC=C1,Valid_Novel_Lipinski_Compliant
CCCCC(N1C(=O)CCCCCCCCCC2CCCC=C2)C1,Valid_Novel_Lipinski_Compliant
CC(CC)=CC=CC1=CC=CC=C1CCCCCCCCCCCCCC2CC2(C)CCC=C3CC3,Valid_Novel_Lipinski_Compliant
CCCCOC=CC=CC(C)=CC=CC(=C)C=C(Cl)C=C,Valid_Novel_Lipinski_Compliant
COC=CC1=C(C=NC=C(C=CC=CC=CCCCC2CCCC=C2C)C)C=C1C,Valid_Novel_Lipinski_Compliant
CC=CC=C(S(=O)C=O)C#CCCCCCC1CCC2CC=CC=C2CC1,Valid_Novel_Lipinski_Compliant
OC(CC1=CC=CC=C1)C(C)CCCCCCCCCCC=CCC2=CC=CC=C2,Valid_Novel_Lipinski_Compliant
CCOC(=O)C(C=CC=CC1=CCC)C(C)C=C1,Valid_Novel_Lipinski_Compliant
CCC1CCCCC1CCNC(=O)C=CC=CCCCCCCCCCCCCCCC#C,Valid_Novel_Lipinski_Compliant
CN(C(=O)C1=CC=CC=C1)CCCCCCCCC2CCCC3=C2C3,Valid_Novel_Lipinski_Compliant
C1OC2=CC=CC=C2CC(C)=CC=CC=CCCC3CC=CC4=C3C4=C1,Valid_Novel_Lipinski_Compliant
O=C(NC=CC(C)CCCCCCCCCCCC=CC=CC)C(C)CC=C,Valid_Novel_Lipinski_Compliant
NC1=NC(C)C=C1CCCCCCCCCCCCCCCCCC2CC2CC3=CC=CC=C3,Valid_Novel_Lipinski_Compliant
N#CC=CC1=CC1C2CC(C=CC=C3C=C3)(C)C2,Valid_Novel_Lipinski_Compliant
CCOC=CC=C(C1C2=NC=CC=C2CCCCCCC3C=C3C)C=C1C,Valid_Novel_Lipinski_Compliant
CCCC=CC=C(NC(=O)C=CC=CC=CC1=CC=CC=C1CC)C=C,Valid_Novel_Lipinski_Compliant
C12C=C3C=CC=CC3=C1C=CC=CC=CCCCCCCCCCC4=CC=CC=C4C2,Valid_Novel_Lipinski_Compliant
CC(C)(CC=CC=C(CCCC)CCCCCCC1)CC1,Valid_Novel_Lipinski_Compliant
CC(C)CC(O)NCCCCCCCCCCCCC1=CC=C(C)C=C1,Valid_Novel_Lipinski_Compliant
O=C(O)CCCCC=CC=C=CCCCCCCCCC=CCC1C=C1CCC,Valid_Novel_Lipinski_Compliant
CC(C1=CC=CC=C1)CCC=O,Valid_Novel_Lipinski_Compliant
CC(C)CC(NC(=O)CCCCCCCCCCCCCCC1C)CCC=C1CC(=O)O,Valid_Novel_Lipinski_Compliant
ClC=CC=C(NC=NC=C(CCCC)CCCCCCCCC=CCCCCCCCC)C,Valid_Novel_Lipinski_Compliant
O=CC(O)C=C(C=CC=CCCC1C)CCCCCCCCCCCC2CCCC=C21,Valid_Novel_Lipinski_Compliant
NCCCCC(Cl)=C(C)C=CCCCCC1=CC=C(Cl)C=C1,Valid_Novel_Lipinski_Compliant
O=CC=CC=CC=C(CCCCCCCC)CCCCCCC1CCCCC1,Valid_Novel_Lipinski_Compliant
O=C(NC1=CC=CC=C1NC(=O)CCC=CC=CC)CCCCCCCCC=CC2=CC=CC=C2,Valid_Novel_Lipinski_Compliant
C1OC=CC=CC(=C1)N(C2)CCCCCCCCCCCCCC2,Valid_Novel_Lipinski_Compliant
NCCCNC(=O)C=CC=CC=CCCCCCCC1=CCCC2C1=C2,Valid_Novel_Lipinski_Compliant
CCCC=C(CNC1=CC=C(CCCCC)CCCCCCC)CCC1,Valid_Novel_Lipinski_Compliant
CN(C)CCNC(=O)C=O,Valid_Novel_Lipinski_Compliant
CC(C)CC=CC=CC=C(C)C=O,Valid_Novel_Lipinski_Compliant
CC=CC=C(C(C(=O)CCCC1CCCCCCCCC)CCCC2C=C2)C=C1,Valid_Novel_Lipinski_Compliant
CNCCC(C=CC1=CC=CCC=CCCCCCCCC2CCCC=C2C)C1,Valid_Novel_Lipinski_Compliant
COC=C(C1=CC=CC1)CCCCCCCCCCCC2=CC=CC=C2C3CC3,Valid_Novel_Lipinski_Compliant
COP(=O)(O)CCCCCCCCC1CCCCCC2CCCC=C2C1,Valid_Novel_Lipinski_Compliant
C12OC=CC(S(=O)C=O)CC3=CCCC=C3CC1=CC=C2C,Valid_Novel_Lipinski_Compliant
CC(C)C1CC=C(C2)C1C2,Valid_Novel_Lipinski_Compliant
O=C(COC1=CC=CC=C1CCC=O)CCCCC2CCCC3C2=C3,Valid_Novel_Lipinski_Compliant
COC=CC=C(CCCC)CC1CCCCCCCCCCCCC2CCCCC2C=C=C1,Valid_Novel_Lipinski_Compliant
CC1=NOC(C)=C1C(=O)NCCCCCC2CCCCCCCC2,Valid_Novel_Lipinski_Compliant
CCCCCCCC=O,Valid_Novel_Lipinski_Compliant
CCCCC(C)=NC(C=CC1=CCCCCCCCCC2CCCC=C2)C1,Valid_Novel_Lipinski_Compliant
COC1=CC=CC=C1C=C(CC)CCCCCC2CCCC=C2CC,Valid_Novel_Lipinski_Compliant
CC(NC(=O)C=CC=CC=CCCCCCCCCCCCCCCCCC)C1CCCCC1,Valid_Novel_Lipinski_Compliant
O=C(N)NC=CC=CC1=CC=CC=C1C=C,Valid_Novel_Lipinski_Compliant
N1CCCC=C(Cl)C=CC1,Valid_Novel_Lipinski_Compliant
O=CC=C(C1CCCCC1)CCCCCCCCCC2=CC=C(F)C=C2,Valid_Novel_Lipinski_Compliant
C1OC=CC=C(S(=O)C=O)C=C1C,Valid_Novel_Lipinski_Compliant
CC1=CC=CC=C1NS(=O)C=O,Valid_Novel_Lipinski_Compliant
O=C(C=CC=C(CC1=CC)CCC1C=C)CCC2CCC(F)C(F)=C2,Valid_Novel_Lipinski_Compliant
COC=CC=C(CC=CC1(C=CC=CC=CCC)CC(C)CC)CCCCCCCCC(C)=C1,Valid_Novel_Lipinski_Compliant
O=CNCCC=CC=CC=CCCC,Valid_Novel_Lipinski_Compliant
CC=CC(C(=O)O)=CC=CC=CCCCCCCC1=CCCC=C1N,Valid_Novel_Lipinski_Compliant
CNC(=O)C=C(NC=CC1)CC=CCC2C1CCCCCCCCCC3CCCC=C3C2,Valid_Novel_Lipinski_Compliant
CCCC=C(C)CNC=C(C)CCCCCCCCCCC1CCCCC(C)C1,Valid_Novel_Lipinski_Compliant
CCCC(=O)OC=C=O,Valid_Novel_Lipinski_Compliant
CCC=CC(C)=CC(C=CC=C1C=CCCCCCCCCCCCCCC2CCCC=C2)C=C1,Valid_Novel_Lipinski_Compliant
CC(=O)NCCC(CC=CC)=C1CCCCCCCCCCCCC2CCCC=C2C1,Valid_Novel_Lipinski_Compliant
COC(C)CCCCC=CC=CCCCCCCCCCCC(=O)O,Valid_Novel_Lipinski_Compliant
CC=C1C(NC=CC=C(C2)CCCC)=C2CCC1,Valid_Novel_Lipinski_Compliant
COC=CC=CC(CNC(O)C=CCCCC1CCCC2=C1)=C2,Valid_Novel_Lipinski_Compliant
CC1=CC=CC=C1CCC(C)=CC=CC2CCCCC=C2C#C,Valid_Novel_Lipinski_Compliant
CC(C)CCCC(C1=CC=CC=C1CCC)CCCCCCCCCC2CCCC=C2C3CC3,Valid_Novel_Lipinski_Compliant
CCCC=CC(C)=CC(CCCCCC1)CC=CC=C1C,Valid_Novel_Lipinski_Compliant
C1C=CC=C(C(=O)NCC=CC=O)C1,Valid_Novel_Lipinski_Compliant
CCC(C)CC=C(C=CC=C1CCCCCCCCCCCCCCC2CCCC)C21,Valid_Novel_Lipinski_Compliant
CC(C)(C)NC(=O)NC=O,Valid_Novel_Lipinski_Compliant
CCC(C)C(=O)NCCC=O,Valid_Novel_Lipinski_Compliant
O=C(C=CC1=C=C1C(=O)CCC=CCCCCCCCC)CCCCC2=CC=CC=C2,Valid_Novel_Lipinski_Compliant
O=CC(=CC=CC1=CC=CCC=C1)CCCCCCCCC2=CC=C(C)C=C2,Valid_Novel_Lipinski_Compliant
CCOC(=O)CCCCC=O,Valid_Novel_Lipinski_Compliant
CC=CC=C(C(F)(F)C)C=CCCCCCCCCCCCCCCCC1=CC=C(C)C=C1,Valid_Novel_Lipinski_Compliant
C1CC(C)=CC2=CC=CC=C12,Valid_Novel_Lipinski_Compliant
COC=CC=CC(N1C(=O)CCC=CC=CCCCCCCC2CC=CC=C2CCC)=C1C,Valid_Novel_Lipinski_Compliant
CC(C)CNC(=O)C=O,Valid_Novel_Lipinski_Compliant
C1C=CC(C2C=CC=CCCCC=O)=CC=C21,Valid_Novel_Lipinski_Compliant
COC=C1C=C1OC,Valid_Novel_Lipinski_Compliant
O=C(C=CC1=CC=CC=C1)NCCCCCCC2CC3=CC=CC=C3CCC2,Valid_Novel_Lipinski_Compliant
CCN(C)C(=O)C=CC=CC=CCCCCC1CCCCCCC2CCCC=C2C=C1,Valid_Novel_Lipinski_Compliant
CCC=CC=CC=C1C=CC2=C=C12,Valid_Novel_Lipinski_Compliant
COC=CC(C(=O)C1=CC2=CC=CC=C=C2C1=C)C=CO,Valid_Novel_Lipinski_Compliant
CC1CC=C(C)C1C=CC=CC=C2CCCC=C2C,Valid_Novel_Lipinski_Compliant
CCCCCC(C)CCCCCCCC1CCCCCCCCCCC2CCCC3=C2C3C1,Valid_Novel_Lipinski_Compliant
C1CN(CC)CCCC(CCCC=O)C=C1,Valid_Novel_Lipinski_Compliant
N1C=NC1(C2=CC=CC=CC=C3)C3CCCCCCC4=CC=CC=C4N2,Valid_Novel_Lipinski_Compliant
CCCCCCCC=CC=CC(O)=CCCCCCCCCCCCCCCC1C=C1C=C,Valid_Novel_Lipinski_Compliant
OC=NC=C(Cl)C(CC=C1C)C1=CC,Valid_Novel_Lipinski_Compliant
CC1=CC(C)=NC=C1C=CC=CCCCCCCCCCC(C)F,Valid_Novel_Lipinski_Compliant
CC1=CC=CC=C1NCCCCCCCCCC=C,Valid_Novel_Lipinski_Compliant
CCOC=CC=CC1(C=O)CC2=C1C2,Valid_Novel_Lipinski_Compliant
CC(C)C=CC=C(S(=O)C=O)F,Valid_Novel_Lipinski_Compliant
CC=C(C)C(NC(=O)CCCCCCCCCCCCC1C=C1C)CC(=O)O,Valid_Novel_Lipinski_Compliant
CC(CCC=O)NCCCCCCCCCC(=O)O,Valid_Novel_Lipinski_Compliant
O=C(CCC(=O)NC1=CC=CC=C1)CCCCCCCCCCCC=CC2=CC=C(F)C=C2,Valid_Novel_Lipinski_Compliant
CCOC1=CC=C(CCNC(=O)CCCC2CC2)C=C1,Valid_Novel_Lipinski_Compliant
CCC=CC(C)=CC(C=CC=O)C1CC1,Valid_Novel_Lipinski_Compliant
CC(C)C(C)CCCCCCCCCCCCCCCC1CC1(C)CC2CC2,Valid_Novel_Lipinski_Compliant
COC(=O)C1=CC=CC=C1NCCCCCCCCCC2=CC=C(F)C=C2,Valid_Novel_Lipinski_Compliant
CCCC=C(C(=O)NCC(=O)CCCCCCCCCCCCCCC1CCCC=C1)CC,Valid_Novel_Lipinski_Compliant
CCC=CC1=CC=CC=C1C(=O)NC2CCCC=C2C,Valid_Novel_Lipinski_Compliant
CNCCC(C1=CC=C(C=CC(C)CCCCCCC)CCC2CC23CC3)CC1,Valid_Novel_Lipinski_Compliant
CC=CC=C(CC1)CC1CCCCCCCC2CCCC3CC=CC=C3C2,Valid_Novel_Lipinski_Compliant
CC=CC(=O)C(C1)CCCC=C1CCC=O,Valid_Novel_Lipinski_Compliant
CC=CC=CC=C(CN1C(=O)C=CC2=CCCCCCCCC3CCCC=C3)CCC2=C1,Valid_Novel_Lipinski_Compliant
N#CNC(=O)C=CC=CCCCCCCCCCC1C=C1C,Valid_Novel_Lipinski_Compliant
N1C=NC=C(NS(=O)C=O)C=C1,Valid_Novel_Lipinski_Compliant
C1C=CC=C(C)C1C=CC=CC=CCCCCC2CCCCCCCCCCCCC3CC3CC2=C,Valid_Novel_Lipinski_Compliant
CCCS(=O)C=O,Valid_Novel_Lipinski_Compliant
O=CCCCC(C(C=O)C1=CC=CCCCCCCCCC)CCC=CCCCCC1,Valid_Novel_Lipinski_Compliant
COC=CC(N1C(=O)C=CC=CC=CCCCCC2C=C2)=C=CC=C1O,Valid_Novel_Lipinski_Compliant
C1OC=CC=C2C=NCNC(=O)CCC=CCCCCCC3CCCC4=C3C4C1CC=C2C,Valid_Novel_Lipinski_Compliant
COC=CC=CC=CC=CC(=CC)C=CCC1CCCCCCCCCC2CCCC=C2CCC1,Valid_Novel_Lipinski_Compliant
O=CNC1=CC=CC=C1C=CCC2(C=CC=CC=CCCCCCCC)CCCCCC=C2,Valid_Novel_Lipinski_Compliant
O=C(C=CC1=CC=CC=C1)CCCCC2CCCCCCCC3=CC=CC=C3CCCC2,Valid_Novel_Lipinski_Compliant
O=CC=C(CCC1=CC=CC2=C1C23)CCCCCCCCCCCCC4CC=CC=C4C=CC3,Valid_Novel_Lipinski_Compliant
CC(C)CCC(=O)NCCC=CC=CCCCCCC1=CC=CC2=C1C23CC3,Valid_Novel_Lipinski_Compliant
CCCCCCNC(=O)CC1CCCCCCCCCCCCCCCCC1,Valid_Novel_Lipinski_Compliant
NCC1CC=CC=C(C2=CC=CC)C2CC3CCCC=C13,Valid_Novel_Lipinski_Compliant
CC(CCC=CC1=CC=CC#C1)CCCCCCCC2CCCCCCCCCC2,Valid_Novel_Lipinski_Compliant
NCCCCCCC(O)C1CCCCCCCCCCCCC2C=C2CC1,Valid_Novel_Lipinski_Compliant
O=C(CC=C(C(=O)N)CCCCCCCCCCCCC1=C2C1)CCCC2O,Valid_Novel_Lipinski_Compliant
CC=CC1=C(CC=CC2=CC=CC=C2C(C)CCC)CCC(C)=C1,Valid_Novel_Lipinski_Compliant
O=C(CCC=NC=CC(C)=CC=CC=CCCC1CC2=C)C=CC=C2C1,Valid_Novel_Lipinski_Compliant
CCNCCC(C12CCCC1CCCCCCCCCCCCC3)CC3=CC2,Valid_Novel_Lipinski_Compliant
CCC1=CC=CC=C1CCC(=O)CC2CC2,Valid_Novel_Lipinski_Compliant
CC1=CC=C(C)C=C1S(=O)NC=O,Valid_Novel_Lipinski_Compliant
CC=CC1(C=CC(C)=CC=CC=CCC2CCCC=C2CC=C)CO1,Valid_Novel_Lipinski_Compliant
COC=CC=C(CCC(=O)NC=CC=CCCCCC=1CC=CC=C=1)C=CC,Valid_Novel_Lipinski_Compliant
OC=CC=CC(C=CC1=CC=CC=C1CCCCCCCCC2CCCC=C2C)=C,Valid_Novel_Lipinski_Compliant
O=COC=CC=CC1=C(C=CC=CC=CC2CCCC)C2C1,Valid_Novel_Lipinski_Compliant
COC1=CC=CC(CCNC(=O)C(C)C=O)=C=C1,Valid_Novel_Lipinski_Compliant
CC(C)CCNC=CC1=CC=CC=C1C2CCCCCCCCCC3=CC=CC=C3CC2,Valid_Novel_Lipinski_Compliant
COC=CC1=CC(CC=CC=CC=CC=CC(C)CC2CCCCC2)=C1,Valid_Novel_Lipinski_Compliant
O=C(CCC=CC1=CC=CC=C1C(C)C)CCCCCCC2=CC=C3C=C2CCC3,Valid_Novel_Lipinski_Compliant
O=CNC(=O)N(C=CC=C1C=CC(C)CCCC)CCCCCCCCCCC=C1,Valid_Novel_Lipinski_Compliant
CCC=CC(C)=CC(C1CCCC2=C1)=N2,Valid_Novel_Lipinski_Compliant
NC=NC=C(C1=CC=CC2=C1)C2CCCCCCCCCCCCCCCC3=CC=C(F)C=C3,Valid_Novel_Lipinski_Compliant
CC(=NC=CC=CC=C(C)CCCCCCCC)CCCCCCC1=CC=CC1,Valid_Novel_Lipinski_Compliant
NCC1CCC=C1CCCCCC(C)CC2CCC3CC23,Valid_Novel_Lipinski_Compliant
CCC1OC2=CC=CC=C2N1CCCCCCCCCCCCCCCCC3CCCC(C)C=C3,Valid_Novel_Lipinski_Compliant
CC=CC(CCCC(=O)C=CC=CC)=CCCCCCCCCCCCCC1CCCC(C)C=C1,Valid_Novel_Lipinski_Compliant
CCCC(CCC)C(=O)NC=O,Valid_Novel_Lipinski_Compliant
CCOC=CC=C(C(C1C=CC)=CC=CC=CCCCCCCCCCC(C)C)C1,Valid_Novel_Lipinski_Compliant
CCCC(C)(O)C=CC=CC=CCCCC1CCCCCCCCCCC2CCCC=C2C1,Valid_Novel_Lipinski_Compliant
CC=C(CCC(=O)C=CC=CC=C)CCCCCCCCCCCCCCCCCCC1CCCC1,Valid_Novel_Lipinski_Compliant
O=CN1C(=O)CC1CCCC=CCCCC2CCCCCCCCCCC3CCCC=C3C2,Valid_Novel_Lipinski_Compliant
CC(C)C=CC1=CC1NC=CC=CCCCCCCC2CCCC=C2C=C,Valid_Novel_Lipinski_Compliant
CCCC=C(N1C2=CC=C(C)C=C2)C=CCCCCCCCCCCCCC3CCCC=C3C1,Valid_Novel_Lipinski_Compliant
COC=CC(=O)C=C(NC)C=O,Valid_Novel_Lipinski_Compliant
CCCN(CCC)CCC=CC=CCCCCCCC1CC1,Valid_Novel_Lipinski_Compliant
NCCC=C(C(=O)NCC1CCCCCCCCCCCCCC2CCC3C=C23)CC1,Valid_Novel_Lipinski_Compliant
CC=NC(C)CC=CC(CCCCCCCCCCCCCCCCCC)CCCCCC1C#C1,Valid_Novel_Lipinski_Compliant
CCOC=CC=CC1(C2=CC=CC=C2)C=CCCCCCCCCCCCCCCCC3CC31C=C,Valid_Novel_Lipinski_Compliant
CCCCCCC=O,Valid_Novel_Lipinski_Compliant
CC(C)(C)C(C)CCCCCCC1CCCCCCCCCCCCC2CC2=CC1,Valid_Novel_Lipinski_Compliant
CC(C)CC(=O)C#CCCC=CCCCCCCC1CCCCCCCC2CCCC=C2CCCC1,Valid_Novel_Lipinski_Compliant
O=C(C=CC=CC(C=CC=CCCCC1)C1C2)CCCC2,Valid_Novel_Lipinski_Compliant
O=C(NC)C(C1=CC=CC=C1)CCCCCCCCC2CCCCCCCC3CCCC=C3C2,Valid_Novel_Lipinski_Compliant
CCCCC(CC=O)CCCCCCCCCC1CCCCCCCCCC2CCCC=C2C1,Valid_Novel_Lipinski_Compliant
CNC=C(CCC(=O)CCCCCCCCCCCCCCCC1CC)CCC(C)C1,Valid_Novel_Lipinski_Compliant
O=C(C=CC1=CC=CC(=C1)CCCCC)CCCCCCCCCCCC=CC=CC=C2C=C2,Valid_Novel_Lipinski_Compliant
CC=C1C=C(C2=CC=CC=C2CCC=CC=CC=C)C=C1,Valid_Novel_Lipinski_Compliant
CC(=O)C=CC=CC(=C)C=C1CCCCCCCC2=CCCC=C2C1,Valid_Novel_Lipinski_Compliant
CCCCCCC(NC)(O)C1=CC=CC=C1C(C2)CC2,Valid_Novel_Lipinski_Compliant
CCCCC1C(CC=CC=CC=CC(C)CC2CCCC3=C2C3)CC1,Valid_Novel_Lipinski_Compliant
C1CC=CC=CC1C=CC=CC=CCCCCCC2CCCCC2=C,Valid_Novel_Lipinski_Compliant
CCC(CCCC=CC=CC=CC(C)C)CCCCCCCCCCC1=CC=CC=C1,Valid_Novel_Lipinski_Compliant
CC=CC1=C(C1(CCCCCCCCCCCC2CC=CC=C2CC)C)C,Valid_Novel_Lipinski_Compliant
COC=CC(CCC(=O)NC=CC=CCCCCCCC1C#C1)=CC=CO,Valid_Novel_Lipinski_Compliant
CCC1CCCC(CCNC)(O)C1,Valid_Novel_Lipinski_Compliant
N#CCC(S(=O)C=O)CCCCCCCCC=1CC=1CC,Valid_Novel_Lipinski_Compliant
CC(=NC=CC=CC=CC(C)CCCCCCC)CCCCCCCCCC1CC1(C)C=C,Valid_Novel_Lipinski_Compliant
CCC=CC=C(C1=CC=C(C=CC(C)CCCCC2CC)CC)C21,Valid_Novel_Lipinski_Compliant
CCC(C)C(=O)CCCCCC1CC2=CCCC=C2CCC1,Valid_Novel_Lipinski_Compliant
CCN1CCC=C1C2(O)C=CC=C2CCCCCCC=C,Valid_Novel_Lipinski_Compliant
N=C(O)C=CCC(=O)C=CC=CCCCCCCCCCCCC1C=C1,Valid_Novel_Lipinski_Compliant
CCCCC(C=O)C1C=CCCCC2CC=CC=C2CCC1,Valid_Novel_Lipinski_Compliant
C(=CNCCCCCCCCCCCC)CCCC1CC=C2C=C1CCC2,Valid_Novel_Lipinski_Compliant
COC1=CC=C(CCCC2=C(NC(=O)C=CCC3CC3)CC2)C=C1C,Valid_Novel_Lipinski_Compliant
CCC=CC=C1C=C(C=CC2=CC=CC=C2C)C1,Valid_Novel_Lipinski_Compliant
C1OC=CC=C(C=CC2=CC1(C=CC=CCCCCCCCCCCCCCCC#C)C)C2C,Valid_Novel_Lipinski_Compliant
CC=C(CC(=O)N1)C2=CC=CC=C2CCCCCCCCCC3CC3CCCC1,Valid_Novel_Lipinski_Compliant
CC=NC1=CC=CC=C1C(=O)CCCCCCCCCCCCCCC2=CC=C(F)C=C2,Valid_Novel_Lipinski_Compliant
C=CC=C(C(=O)NC1=CC2=C=CCCCCCCCCCC3C4=C3C4C1C)C2,Valid_Novel_Lipinski_Compliant
CCCC1=CC=C(C=CCCCC=O)CCCCCCCCCCCCCCC=C1,Valid_Novel_Lipinski_Compliant
CC(C)CCCCCCCCCCCCCCCCC(C1)C=C1,Valid_Novel_Lipinski_Compliant
CCCC(CCC(=O)C=CC=CC=CC1CCC)CCCCCCCC2CC2C=CCC1,Valid_Novel_Lipinski_Compliant
CCCCC(=O)NC=CC1(C)CCC2CCCCC2C1,Valid_Novel_Lipinski_Compliant
NC=C(O)C=CCCCCCCCCCCC1CC=CC=C1C=CC2CC2,Valid_Novel_Lipinski_Compliant
C1COC=CC=C1NCCC=CC(C)CC=O,Valid_Novel_Lipinski_Compliant
COC1=CC=CC=C1S(=O)C2=CC=CC=C2CCCC=C,Valid_Novel_Lipinski_Compliant
COC(=O)CCC1CC(C)CCCCC2CCCC=C2C1,Valid_Novel_Lipinski_Compliant
CC=CC(CC(=O)C1=CC=CC2=CC=CC=C2)C1,Valid_Novel_Lipinski_Compliant
CC=CC(CCCC1C2C1(C=CC=C2CC)C3)CC3,Valid_Novel_Lipinski_Compliant
C1CCC(=O)NCCC1NC(=O)C=CCCCCCCCCCCCCCCCC2CCCC#C2,Valid_Novel_Lipinski_Compliant
CC(C)CCNC=CC1=CC=CC=C1CCCCCCCCC2=CC=C(C)C=C2,Valid_Novel_Lipinski_Compliant
O=C(CC(C)CCCC=CC=CCCCCCCCCCCCC)C1CCCCC1,Valid_Novel_Lipinski_Compliant
O=[N+1]([O-1])C=CC(C)=CC=CCCCCC1=CC=CC=C1CC,Valid_Novel_Lipinski_Compliant
CNC=C(NC=CC1=CC=CCCC1)CCCCCCCCC2CCCC#C2,Valid_Novel_Lipinski_Compliant
O=CC=C(N1CC=CC=C1)CCC=CCC2CC2(C)CCCCCC3CC3,Valid_Novel_Lipinski_Compliant
CC1C(NCCCCCCC)C2CCCCC2CC1,Valid_Novel_Lipinski_Compliant
COC=CC=CCCC(=O)NC=CC=CCCCCC1CCCCC1=C,Valid_Novel_Lipinski_Compliant
CNC(=O)CCC(=O)C=CCC1CCCCCCCCCCCC2CCCC=C21,Valid_Novel_Lipinski_Compliant
COC=C(CCC(C)=C)C=CC1=CCCCCCCCCCCCCCCCCCC=C1,Valid_Novel_Lipinski_Compliant
N=C(N)C=CC(CCCCC1CCCCCCCCCC2CCCC=C2C)C=C1,Valid_Novel_Lipinski_Compliant
CC=NC(C)(C=O)NCCCCCCCCCCCCCCCCC1CCCC1,Valid_Novel_Lipinski_Compliant
COC=CC=C(CC(O)C=CCCCCCCCCCCCCC)C1CCCC(C)C1,Valid_Novel_Lipinski_Compliant
O=CC=CCCCCCCCCCCC1CC=CC=C1C2CC2,Valid_Novel_Lipinski_Compliant
CC(C)CC1=CC=CC=C1CCCCCCCC2CC2,Valid_Novel_Lipinski_Compliant
O=C(C1=CC=C(Cl)CCl)C1NCCCCC2CCCCCCC3=CCCC=C3CC2,Valid_Novel_Lipinski_Compliant
CCC=CC=CC(C1)=CC(C2)C2CCCCCCCCCC3CCCC=C3CCCC1,Valid_Novel_Lipinski_Compliant
C1C(C)(C)C=CC=C1NC=C2C=CCCC2C=C,Valid_Novel_Lipinski_Compliant
COC(=O)C=CC=C(NCCC=O)CCCCCCCCCCCCCCCC=C,Valid_Novel_Lipinski_Compliant
COC=C(C1C(=O)C2=CC=CC=C23)C3CCCCCCCCCC4CC4C=C1,Valid_Novel_Lipinski_Compliant
CC(CC=CC)=C(C=CC=CCCCCCCCCCCCC=CC=CC=C)CF,Valid_Novel_Lipinski_Compliant
COC=CC1=CCCCC=C1NC(=O)CCCC=CCC2=CCCCC=C2,Valid_Novel_Lipinski_Compliant
O=CNC(=O)CC1=CC=CC=C1CC2CCCCCCCCCCCCCCCCCCCC2,Valid_Novel_Lipinski_Compliant
CCN(CC)CCC(=O)CCCCCCCCCCCCCCCC1=CC=C(F)C=C1,Valid_Novel_Lipinski_Compliant
O=C(CNC(=O)C1=CC=CC=C1)CCCC2CCCCC2C3=CC=CC=C3,Valid_Novel_Lipinski_Compliant
CCNCCC(CNC(=O)C=CC=CC1CCCCC=C1C)C,Valid_Novel_Lipinski_Compliant
CC(O)(C1)CC=CC=C1CCCCCCCCC2=CC=CC=C2C=C,Valid_Novel_Lipinski_Compliant
O=CNCNC(=O)CCC=CCCCCCCCCCCCCCCCC1CCC2CC=CC=C2C1,Valid_Novel_Lipinski_Compliant
O=C(NCCC=CC1=CC=C2C=C12)CCC3=CC=C(Cl)C=C3,Valid_Novel_Lipinski_Compliant
CCCNC(=O)N1CCCC1CC2CCCCCCCCCC3CC=CC=C3CC2,Valid_Novel_Lipinski_Compliant
CC(C)C1=CC=CC=C1CCCCCCCCCC2CC2C=C,Valid_Novel_Lipinski_Compliant
O=C(O)C=CC(NC1)=CC=CCC1C2=CC=CC=C2,Valid_Novel_Lipinski_Compliant
CC1=CC=C(C)C=C1C(=O)C=CCCCCCC2CCCCCCCCCCC3CCCC4=C3C4C2,Valid_Novel_Lipinski_Compliant
O=CC(O)=C(NCCC)CCC1=CC=C(Cl)C=C1,Valid_Novel_Lipinski_Compliant
C=CCCC(CC)C=O,Valid_Novel_Lipinski_Compliant
O=CC=CC=CC(CCC=CC=CCC)C1C=C1C,Valid_Novel_Lipinski_Compliant
O=C(NC=CC1=C(Cl)CCCC=C1)C2=CC=CC=C2CCCCC,Valid_Novel_Lipinski_Compliant
CC(C(=O)C1=CC=CC=C1)CCCCCCCCCCCCCCCCCCCCC2CC2,Valid_Novel_Lipinski_Compliant
CC1C=C(C2)C=C2NC(=O)C=CC3=CC=CC=C3CC=CC1,Valid_Novel_Lipinski_Compliant
CC(CC=CC)(O)C=CC=CC=CCCC=CC1=CCCCC=C1,Valid_Novel_Lipinski_Compliant
COC1=CC=CC=C1CN(C(=O)C)CC=CCCCCCCCCCCC2=CCCC=C2CC,Valid_Novel_Lipinski_Compliant
O=C(CCCCCCCC1=CC=CC2=C1)C3CC=C2C3O,Valid_Novel_Lipinski_Compliant
NCCCOS(=O)C=O,Valid_Novel_Lipinski_Compliant
O=CC=C(C=CC(C)=CC1=CC=CCCCC(C)C)CCCC2=CC=CC=C21,Valid_Novel_Lipinski_Compliant
O=C(NC1CCCC1)NCCC=CC=CC=CCCCCCCCCCCCCC=CCCCC#C,Valid_Novel_Lipinski_Compliant
C1OC=CC(=O)CC=C1C(=O)CCCCCCCCCCCCCCCC=C,Valid_Novel_Lipinski_Compliant
CC=CC=C1C(C(CCCC)CCCCCC2=CC=CC=C2CCC)=C1,Valid_Novel_Lipinski_Compliant
O=CC=C(C=CC=C(C)CC1C2CC2C)CCCCC3=CC=CC=C3CCC1,Valid_Novel_Lipinski_Compliant
CC1CC(C)C(C)=C1CCCCCCCC2CCCCCCCCCCC3CCCCC3C2,Valid_Novel_Lipinski_Compliant
CC(=O)NC=C(CCC=CCCCC)CCCCCCCCC1=CC=C2C=C1CCC2,Valid_Novel_Lipinski_Compliant
O=CCC=CNC=CC=CC=CC=C,Valid_Novel_Lipinski_Compliant
COC=CC1=CCCC(C)CC2CCCC=C2C=C1,Valid_Novel_Lipinski_Compliant
CCOC(=O)C1CCCC1CC=CC=CCCCCC2=CCCC=C2CC,Valid_Novel_Lipinski_Compliant
ClC=CC1=C(C2=CC=CC=C2CCC3=CCCC=C3C)C1,Valid_Novel_Lipinski_Compliant
CC1=CC=CC=C1CCN(C=CC=CC=CC2(C)CCC3)C2C3,Valid_Novel_Lipinski_Compliant
C1OC=CC2(NC(=O)CCC=CCCC2C)C=C1OC,Valid_Novel_Lipinski_Compliant
C1OC=CC2=CC(C)=CC=C2NC(=O)CCCCCCCC3=CCCC=C3C1,Valid_Novel_Lipinski_Compliant
CC(=O)NC(C)NC=CC=CCCCCC1CC1,Valid_Novel_Lipinski_Compliant
CC=CC(=O)C(C)CCCCCCCCCCC1CCCC(C)C=C1,Valid_Novel_Lipinski_Compliant
NC=NC1=CC=CC=C1C(=O)NCCCCCCC2CCCC(C)C=C2,Valid_Novel_Lipinski_Compliant
CCCN(C(C)CC)C=O,Valid_Novel_Lipinski_Compliant
O=CCC(C=CC=O)CC1=CC=CC=C1,Valid_Novel_Lipinski_Compliant
CC=CC=C(C1CC2=CC=C1)CCCCCCCCCCCCCC3=CC=CC=C3C2,Valid_Novel_Lipinski_Compliant
O=C(C=CC=CC=CC=CC(C)C)CCCCCCCCCCCCC1CCC2=CC=CC=C2C1,Valid_Novel_Lipinski_Compliant
CC(C)CC(=O)NC(C)CCCCCCCCCC1CC1,Valid_Novel_Lipinski_Compliant
CCCCNC(=O)C(C)=CC=CC=CCC1CCCC=C1CCC,Valid_Novel_Lipinski_Compliant
COC1=CC=CC(=C1)CC2(CCCCCCCCCCCCC3C=C3)C=C4CC4CC2,Valid_Novel_Lipinski_Compliant
CC(=O)NC=CC=C(C(=O)CC1CCCCCCCCCCCCCCCCCC2C=C2C)C=C1,Valid_Novel_Lipinski_Compliant
CC=CC=CC(NC(C)=CC=CC=CC=CCCCCCCCCC)CCC=CC=C(F)F,Valid_Novel_Lipinski_Compliant
CCOC=CC=C1C=CC=C(C)CC2CCCC=C2C=C1,Valid_Novel_Lipinski_Compliant
O=[N+1]([O-1])C=CC=CC=CC(CCCCCCCC1CCCCCC2CCCC=C2CCCC)=C=C1,Valid_Novel_Lipinski_Compliant
CC=CC=CC(C1(CC=O)CCCCCCCCCCCCCC2CCCC=C2)=C1,Valid_Novel_Lipinski_Compliant
C1=C(C=CC=C(C)CC=C1)CCC2CCCCCC3CC=CC=C3C2,Valid_Novel_Lipinski_Compliant
NC(=O)C=CC=CC(=C)C=CCCCCCCCCCCCCCC1CCCC#C1,Valid_Novel_Lipinski_Compliant
FC(F)(F)CCCCCC1CCCC2=CC=CC=C2C1,Valid_Novel_Lipinski_Compliant
O=C(O)CCCN(C=CC=CC1=CCCCCCCCCCCCCCCCCC=2CC=2C)C1,Valid_Novel_Lipinski_Compliant
CCCCC(=O)C(CCC=O)CCCCCCCCCCCCCCCCC1=CC=C(F)C=C1,Valid_Novel_Lipinski_Compliant
O=CC=CC=C(C(CC1=CC)=CC=CCCCCCCC)CCCCCCC=CCC2C=C2CC1,Valid_Novel_Lipinski_Compliant
COC1=CC=CC=C1CC2CCC=C(C)CCCCCCCCCCCCCC=C2,Valid_Novel_Lipinski_Compliant
O=C(C1=CC=CC(F)=C1)CCCCCCCCCCCCC2CCCC=C2CC,Valid_Novel_Lipinski_Compliant
CCC(C)C(C)C=CC=CCCCCCCCCCCCCCCCCCC1CCC2C=C12,Valid_Novel_Lipinski_Compliant
CCCN(CCCCC=O)CCCCCCC1CCCCCCCCCCC2CCCC=C2C1,Valid_Novel_Lipinski_Compliant
C1OC=CC=CC(S(=O)C=O)=C1,Valid_Novel_Lipinski_Compliant
CCCC=CC=C(C(CNCCC)CCC1CCCCC)C=C1,Valid_Novel_Lipinski_Compliant
COC=C(CCCCCCC)CCC=CCCCCCCCCCC1CCCC#C1,Valid_Novel_Lipinski_Compliant
COC=CC=CC=O,Valid_Novel_Lipinski_Compliant
CCC=CCC(C=CC1=CC=CC=C1CCC2CCCCC=C2)CCC,Valid_Novel_Lipinski_Compliant
COC=CC=C(O)C=CC(CCCCCCCCCCCC1CC12C)C23C=C3,Valid_Novel_Lipinski_Compliant
COC(=O)C=C(NC)C=O,Valid_Novel_Lipinski_Compliant
CC(CC(=O)NC=O)CCCCCCCCCCCCCCCCCC1CC1CCC2CC2,Valid_Novel_Lipinski_Compliant
O=CC=C(NC=CC=CC=CCC=C)CC1=CC=CC1,Valid_Novel_Lipinski_Compliant
CCCC=C(C1=CC=C(F)C=C1)CCCCCCC=CC=C,Valid_Novel_Lipinski_Compliant
COC=CC(C=CC(=O)NC=CC=CC=CC1CCCCCC)CCCCCCC1=CC(OC)OC,Valid_Novel_Lipinski_Compliant
C(=NCC=CC=CCCC=CCCCCCCCCC1CC=CC=C1CCCC)CC=C,Valid_Novel_Lipinski_Compliant
O=C(NC=CC1=CC=CC=C1)CCCCCCCCC2CCCCCCCCCCCC3CC32,Valid_Novel_Lipinski_Compliant
O=CC(C=CCCCCCCCCCCCCCC1C=C1)C2CCCCC2O,Valid_Novel_Lipinski_Compliant
COC1=CC=CC=C1CCNC(=O)C2=CC=CCCCCC3CC=CC=C3CC=CC2,Valid_Novel_Lipinski_Compliant
OCC1C=CCC(Cl)=C(CC)CCCCCCC2=CC21,Valid_Novel_Lipinski_Compliant
COC1=CC=CC=C1C2CC(C(=O)CCCCCCC3CCCCC3=C)C2,Valid_Novel_Lipinski_Compliant
CC=CC(SCC(=O)NC=CC=CC=CCC1CCCC=C)C1CCC=C,Valid_Novel_Lipinski_Compliant
C1OC=CC(CC=CC=CC2=CC=CC=C2)=CC=C1O,Valid_Novel_Lipinski_Compliant
CC(C)(C)C(=O)NC(C)CCCCCCCCC1CC1=CCOO,Valid_Novel_Lipinski_Compliant
O=C(NCC1=CC=C(Cl)C=C1)CCCCCCCCCCC=CC2=CC=CC=C2CC,Valid_Novel_Lipinski_Compliant
O=C(NC1=CC=CC=C1)C(=C)C#CCCCCCCCCC2CCCC=C2CC,Valid_Novel_Lipinski_Compliant
CC=CC=CCNCC1C2C(=O)CCCCCCCC3CCCCC3CC1=C2,Valid_Novel_Lipinski_Compliant
CC1=CC=C(C=C1C)CC=CCCCCCCCCCCCCC2=CC=CC=C2CC,Valid_Novel_Lipinski_Compliant
FC=CC=CC1NCCCC=CC=CC=CCCCCC2CCCC=C2C=C1,Valid_Novel_Lipinski_Compliant
CC1CC(C(CCC=O)CCCCCC2CC=CC#C2)CC1,Valid_Novel_Lipinski_Compliant
CC=CC(C(=O)C=CC=CC=CCCCCCCC)CC=CC(C)=C,Valid_Novel_Lipinski_Compliant
C=C1C=CC(C)=C1S(=O)C=O,Valid_Novel_Lipinski_Compliant
CC=CC(C1)=C(C=CC=CC)CCCCCC2=CC=CC=C2C1,Valid_Novel_Lipinski_Compliant
COC=CC=CC=CC(=CCC)C1CCCCC1CC2CC2,Valid_Novel_Lipinski_Compliant
CCCCCP(=O)C(C)CC1=CCCCCCCCCCCCCCCC#C1,Valid_Novel_Lipinski_Compliant
COC=CC1=C(CC=C(C2=CC=CC=CC2)CCCCCC3CC3C)C=C1C,Valid_Novel_Lipinski_Compliant
O=C(NC1=CC=C(F)C=C1)NCCC(CCCCCCCCCCCCCCCC2CC)=C3C=C23,Valid_Novel_Lipinski_Compliant
CCCCCCC(CCNC1)(O)C=C(C)C=C1,Valid_Novel_Lipinski_Compliant
CC(=NNCC(=O)CCCC=CCCCCCC)CCCC1CC1CC2=CC=C=C=C2,Valid_Novel_Lipinski_Compliant
CC=C(C)C(=O)C=O,Valid_Novel_Lipinski_Compliant
CCCCC(C)CC(=C)C=CC=C1CCCCCCCCCCCCCCCCCCC=C1,Valid_Novel_Lipinski_Compliant
CC(CCC1=CC=CC=C1)CCCCCCCCCCC2=CC=C(F)C=C2,Valid_Novel_Lipinski_Compliant
COC=NC1=C2C=CC=C1C=C(C)CC3=CC=CC=C3CCCCC=CC2,Valid_Novel_Lipinski_Compliant
CCC=C(S(C)(O)C=CC=CC)CC1CCCCCC2CCCC=C2C=CC=CCC1,Valid_Novel_Lipinski_Compliant
CC(=O)CC(C(=O)NCCC=CC=CCCCCCCCCCCCCCC1CC)CC1,Valid_Novel_Lipinski_Compliant
OC=NC(NCC)C1CC=CCCCCCCCCCCCCCCCC=C1,Valid_Novel_Lipinski_Compliant
C1OC=CC=C(CCC=O)C1C,Valid_Novel_Lipinski_Compliant
COC=CC1=CC=C(C)C=C1CCCCC2C=C2,Valid_Novel_Lipinski_Compliant
CCC(CC)CC=C(CCCC)C1CCCCCCCCCCCCC2CCCC=C2CCC1,Valid_Novel_Lipinski_Compliant
CC(=N)NC(=O)C=CC=CC=CC(C)CCCCC1=CC=CC2=C1C2,Valid_Novel_Lipinski_Compliant
CC(CC=CC=CC(CCCC)CCCC1CCCC=C1C=C)CC=O,Valid_Novel_Lipinski_Compliant
CC=CC(C1=CC2=CC1CCC=C2CC3)C4CCCCCCC5CCCC=C5C=CCC3C4,Valid_Novel_Lipinski_Compliant
CCC=C(S(=O)C=O)CCC1=CC=C(F)C=C1,Valid_Novel_Lipinski_Compliant
NS(=O)C=O,Valid_Novel_Lipinski_Compliant
O=C(NC1CCCC1)NCCC2=CCCCC3=CC=CC=C3CCCC2,Valid_Novel_Lipinski_Compliant
OC=CC1=C(C2=CC=CC=C2)CCCCC3=CC=CC=C31,Valid_Novel_Lipinski_Compliant
N1C=CC=CC=CC=C=C1C=CCCCCC=C,Valid_Novel_Lipinski_Compliant
O=CC(=CC1=CC=CCC=C1CCCCCCCC)CCCCCCCCCC2=CCCC3=C2C3,Valid_Novel_Lipinski_Compliant
C1OC=CC=C(CCCCCC=O)C1,Valid_Novel_Lipinski_Compliant
CCN(CC)S(=O)C=O,Valid_Novel_Lipinski_Compliant
CC(C)(C)OC(=O)C=CC=CC=CCCCCCCC1CC(C)C(F)=C1,Valid_Novel_Lipinski_Compliant
C1OC=CC=C1CCC(C(=O)CCCCCCCCCCCCCCCCC)CCCC2CC2C=C,Valid_Novel_Lipinski_Compliant
CC=CC=C(C1CNC(=O)CCCCCCCCC2CCCC=C2)C=C1,Valid_Novel_Lipinski_Compliant
COC=CC(=O)C=C(CCCCC1C=CCCC=C1)CCC,Valid_Novel_Lipinski_Compliant
NC(CCCCCCCCCC1CC)CCC1,Valid_Novel_Lipinski_Compliant
COC1=CC=C(Cl)C=C1NC(=O)C2=CC=CC=C2CCC3CC3,Valid_Novel_Lipinski_Compliant
CC=CC=C1NC=CC=C1NCCC=O,Valid_Novel_Lipinski_Compliant
CC=CC(C)=C(NC)CC=CC=CCCCCCCCCCC1CCCC#C1,Valid_Novel_Lipinski_Compliant
CCC(C1=CC=C(Cl)C=C1)CCC2=CC=C(C)C=C2,Valid_Novel_Lipinski_Compliant
OCCC1=CCC(CCC(C=CC2=CCCCC3)=C2C3C)C1,Valid_Novel_Lipinski_Compliant
CNC=CC(=O)[O-1],Valid_Novel_Lipinski_Compliant
CCCC1=CC(C)=CC=C1C(=O)CCCCCCCCCCCCCCCCC2CC(C)CC2,Valid_Novel_Lipinski_Compliant
O=C(C=CC=CC1=CC=CCC=C1)CCCCCCCCCCC=2CC=2C,Valid_Novel_Lipinski_Compliant
CCCCC(C)=NC(C=CCCCCCCCCCCCCCCCC1CCCC2)=C12,Valid_Novel_Lipinski_Compliant
CCN(C)CC=CC=C(CCCCC)CC1CCCCC1CC#C,Valid_Novel_Lipinski_Compliant
CCCCCCCCCCCC(O)CCC1CC(C)CC=C1,Valid_Novel_Lipinski_Compliant
COC=C(N1C=O)C=CC=CCCC2CC=CC=C2C=C1,Valid_Novel_Lipinski_Compliant
CC1=NOC(C)=C1C(=O)CCCC2CCCCC2,Valid_Novel_Lipinski_Compliant
CC(=C)C=CC=C(C)CC=CCCCCCCCCCCCCCCCCC1CCCCC(C)C1,Valid_Novel_Lipinski_Compliant
COC1=CC=C(NCC=CNC(=O)C=CC2=CC=CC=C2C3CC3)C1C,Valid_Novel_Lipinski_Compliant
CCOC=CC=CC(=O)C#CCCCCCCCC1=CC=CC2=C1C2C,Valid_Novel_Lipinski_Compliant
N1CCOC(CCC=C(C=CC=CC#C)CCCCCC)CCCCCCCC2CCCCC21,Valid_Novel_Lipinski_Compliant
O=C(NC=CC=CC=CC(C)CCCCCCCCCCCCCC)CCC1CC2CC=CC=C2C1,Valid_Novel_Lipinski_Compliant
COC1=CC=CC=C1C=CC=C(CCCCC2CCCC3CCCC)CCCCCCCC=C32,Valid_Novel_Lipinski_Compliant
CC=CC(C)=C(CCCCCCC1C)C1,Valid_Novel_Lipinski_Compliant
CC1=CC=C2C=C1NCCC3C2C(C)CCCCCCCCCC4CCCC5=C4C5CC3,Valid_Novel_Lipinski_Compliant
O=CC1=C(O)CC2CCC(C)C=C2CC1,Valid_Novel_Lipinski_Compliant
CC=NC(C)=CC=CC(C1CCCC2CCCCCC3CC=CC=C3C2)=N1,Valid_Novel_Lipinski_Compliant
O=C(NCC(C)CCCCCC)CCCC1CC=CC1,Valid_Novel_Lipinski_Compliant
O=CC(C=CC(=O)NC=CC=CC=CCCCCCC1)=CC=CC=C1,Valid_Novel_Lipinski_Compliant
NC(=O)NC=CC=C(CCCCCCC1CCCCCCCCCC2CCCC3C2C3C)C1,Valid_Novel_Lipinski_Compliant
CCCCCC(C=CC1=CC=C(C=CCCCCCCCCCCC)CCCC2CC23CC3C)C1,Valid_Novel_Lipinski_Compliant
CC=C(CCC=O)NCCCCCCCCCCCCCC1CCCC2C1=C2,Valid_Novel_Lipinski_Compliant
CC=C(CCCCCCC=CC=C)CCCCCCCCCCCCCCCC=CC1=CC=CC=C1,Valid_Novel_Lipinski_Compliant
COC=CC=C(N1C=CC=C(C2CCCCCCCCCCCC3CCCC=C3C)C2)C=C1C,Valid_Novel_Lipinski_Compliant
CC1=NOC(C)=C1C2CCCCCCCCC3CCCC=C3C=CC2,Valid_Novel_Lipinski_Compliant
CC(=O)C=C(CC1=CC)CC=CCCCC2CC=CC=C2C1,Valid_Novel_Lipinski_Compliant
NC=NC1=CC(N=C(C)CC=CC#CCCCCCCCCC)C2CC2(C3)CC3CC=C1,Valid_Novel_Lipinski_Compliant
CC(NC(=O)C(C)CCCCCCCCCCCCC)CCCCCCCCCC1CCC(C)C1,Valid_Novel_Lipinski_Compliant
C1C(=O)NC=CC=C(S(=O)C=O)C1,Valid_Novel_Lipinski_Compliant
COC=CC=C(CCCCCC1=CC=CC=CCCCCCCCCCCC2CCCC=C2)C=C1C,Valid_Novel_Lipinski_Compliant
O=CC1=CC=C(C2=CC=C(F)C=C2)CCCC3CC=CC=C3CC1,Valid_Novel_Lipinski_Compliant
COC=CC=C(C1CC(NC(=O)C=CCCC2=CC=CC=C2)C)C=C1,Valid_Novel_Lipinski_Compliant
COC=CC(CC1CC(NC(=O)C=CC=CC2CCCC=C2C)=C=C1)=CC=CO,Valid_Novel_Lipinski_Compliant
CC(C)(C)C(=O)C=CC=CC=CCCCC1CCCCCCC2=CCCC=C2CC1,Valid_Novel_Lipinski_Compliant
CC(C)OC(=O)C=O,Valid_Novel_Lipinski_Compliant
OC=CC=CC=CC(C=CC=C(C1)CCCC2)=C1C2,Valid_Novel_Lipinski_Compliant
CCCCC(CC1NC(=O)C=CC=CCCCCCCC2CCCC=C2CC=C)CC1,Valid_Novel_Lipinski_Compliant
COC(=O)C(CC1=CC=CC=C1)CCCCCCCCCCCCCCC2=CCCC3=C2CCCC3,Valid_Novel_Lipinski_Compliant
COC=CC=C(C=CC=CC=CC(C)C1CCCCCCC2CCCC=C2CCC)C=C1,Valid_Novel_Lipinski_Compliant
CCC(CO)CCCC1CCCCCCCCCCCCCCCCCCC#C1,Valid_Novel_Lipinski_Compliant
C1COC2=CC=CC=C2NCCC=C1CCC=O,Valid_Novel_Lipinski_Compliant
O=C(C1=CC=C(Cl)C=C1)CCCCCCCCC2=CC=C(C)C=C2,Valid_Novel_Lipinski_Compliant
CC(CNC(=O)C=O)CCCCC1CCCC1,Valid_Novel_Lipinski_Compliant
O=C(N)C=CC1=CC1C(=O)C=O,Valid_Novel_Lipinski_Compliant
CC(=O)NC=CC=C(C=CC1=CC=CCC)CCCC2CC=CC=C2CC1,Valid_Novel_Lipinski_Compliant
C1OC=CC=C1CC(C(=O)CCC=CCCCCCCCCCCCCC)CCCCCC2C=C2,Valid_Novel_Lipinski_Compliant
CCOC=CC=C(CNC(=O)C=CC=CCCCC1CCC)CCCCCCCCCC2CC2C=C1,Valid_Novel_Lipinski_Compliant
COC=CC=CC(NC(=O)CCCCCCCCCCCCCCCCC1CCCC=C1)=C,Valid_Novel_Lipinski_Compliant
COC1=CC=CC=C1CCNC(=O)C=CCCCCCC2CCCCCCCCC3CCCC=C3C2,Valid_Novel_Lipinski_Compliant
C1OC=C2C1(C=CC(=O)NC=CC=CC3=CCCCC=C3)C=C2O,Valid_Novel_Lipinski_Compliant
CCC=C(C)C(C)C=CC=O,Valid_Novel_Lipinski_Compliant
O=CC=CC1=CC(C)=CC=C1CCCCCCCCCCCCCC2CC=CC=C2CC,Valid_Novel_Lipinski_Compliant
CC(=NNCCCC(=O)CCC1CCCCCCC)C1,Valid_Novel_Lipinski_Compliant
CCN(CC)CCCCC1C(C)CC2=CCCCC2C1,Valid_Novel_Lipinski_Compliant
CC=CC=CC(C)=C(CCC=CC)CCCCCCCC1CC=CC=C1CC,Valid_Novel_Lipinski_Compliant
CCOC(=O)C=C(CC)CC=CC=CCCCCCCCCCCCCC=CCC1=CC=C=C=C1,Valid_Novel_Lipinski_Compliant
CCOC(=O)CCCC(=C)CCCCCCC1CCCC=C1CC,Valid_Novel_Lipinski_Compliant
O=C(O)C(=O)C=CC=CC=CC(C)CCCCCCC1=CC=C(Cl)C=C1,Valid_Novel_Lipinski_Compliant
CC(CCCC)(NC)C=O,Valid_Novel_Lipinski_Compliant
CCCN(C(C)CO)CCCCCCCCCC1CCCCCCCCC2CCCC=C2C1,Valid_Novel_Lipinski_Compliant
CCCCCC(C=CC=C(CC=CC=C1CCCCCCCC)C)CCC2CCCC=C21,Valid_Novel_Lipinski_Compliant
COC(=O)NC=CC=C(NC=CC=CCCCCCCCCCCC1CC1)C2C=C2,Valid_Novel_Lipinski_Compliant
CC=CC=CC=C(CN1C(=O)C=CC=CC=CCCC2CC)CC=C2C=C1,Valid_Novel_Lipinski_Compliant
CS(=O)C=O,Valid_Novel_Lipinski_Compliant
CCCC1CC1CC=CC2=CC=CC=C2CCCCCCCCCCCCCCCCCCCCF,Valid_Novel_Lipinski_Compliant
O=C(NC=CC=C(C1=CC=CCC1)C=C)CCCCCCCCCCCCCCCCC2CCCC2,Valid_Novel_Lipinski_Compliant
NC=NC(C1=CC=CC=C1CCCCCCCCCCCC)CC2C#C2,Valid_Novel_Lipinski_Compliant
CC=CC(C)C(C)C(C)CCCCCCCCCCCCCC1CCCC(C)C=C1,Valid_Novel_Lipinski_Compliant
C1C=CC=CCNC(=O)C=CC=CCC2CC21,Valid_Novel_Lipinski_Compliant
CCCC=CC=C(CCCC=CCCCC1CCCCCCCCCCCC)CCCCCCC=C1,Valid_Novel_Lipinski_Compliant
NC(=O)C=CC=CC=C(C1CCCCCCCCCCC2CCCC=C2)CCC#CC1,Valid_Novel_Lipinski_Compliant
O=CNC(=O)N(CCCCCCCC1=CC=CCl)C=C1,Valid_Novel_Lipinski_Compliant
OC(C1=CC=CC=C1NCCC=O)CCCCCCCC=CC=C(F)F,Valid_Novel_Lipinski_Compliant
CCCCC=CCC=C(C(=O)CCC(=O)CCCCCCCC1CC1)CC,Valid_Novel_Lipinski_Compliant
COC1=CC=CC=C1CCCCC=CC=CC2=CC=CC=C2,Valid_Novel_Lipinski_Compliant
CCN=C(C1=CC=C(F)C=C1)CCCCCCCCCCCCCC2=CC=C3C=C2CCC3,Valid_Novel_Lipinski_Compliant
CC(C1)(C)C=CC=C1NCCCCCCCCCCCCCCCCC2CC2=N,Valid_Novel_Lipinski_Compliant
CC=CC=C(OC=CC1=CC=C(CC2CCCCC2)CC1)C=C,Valid_Novel_Lipinski_Compliant
COC=CC1=CC=CC=C1C=C2C(C(C)CCCCCCCCC3C=C3)C4CC4C2,Valid_Novel_Lipinski_Compliant
CC1=CC=CC=C1NC(=O)C2=CC=CC=C2CCCCCCCC3CCCC4=C3C4,Valid_Novel_Lipinski_Compliant
O=[N+1]([O-1])C=CNC(=C)C=CC1CCCCCCCCCC2=CC=CC=C2CC1,Valid_Novel_Lipinski_Compliant
CCCC1N(CC=CC)CC=CC(C)C2=CC=CC=C2N1,Valid_Novel_Lipinski_Compliant
CC=NC(N1CCCCC1)CC=C2CCCCCCCCC3CCCC4=C3C4=NN2,Valid_Novel_Lipinski_Compliant
O=C(CSC=CC1=CC=CC=C1)CCCCCCCCCCCCCCCCF,Valid_Novel_Lipinski_Compliant
OC=NC(CCC=CC=CC)C=C=CCCCCC=C,Valid_Novel_Lipinski_Compliant
CCCC=C(C)C1=C=C(CCCCCCCCC2CCCC=C2C)C1C,Valid_Novel_Lipinski_Compliant
CCOC(=O)C=C(C)C=CC=CC=C1C(C)CCCCCCCCCCC2CCCC=C21,Valid_Novel_Lipinski_Compliant
CCCC=CC=C(CNC(=O)C=CC=CC=CCCCCC1CCCC2)C1C2,Valid_Novel_Lipinski_Compliant
CCOC=CC=C(CCCC(C)=CC=CCCCCCCCC1C2C1C23CC3)C=CC,Valid_Novel_Lipinski_Compliant
C1N2CCCC2CCCCCCCCCCCCCCCCCCCC3CCCC=C31,Valid_Novel_Lipinski_Compliant
CC=CC=C=CC(=O)C=CC(=O)CCCCCCF,Valid_Novel_Lipinski_Compliant
CN(C)CCCC1=CC=CC=C1CCC2CCCCCCCC=CC2,Valid_Novel_Lipinski_Compliant
FC(F)(F)C=C1C=C2C=CC=CC2C1,Valid_Novel_Lipinski_Compliant
O=C(NC1CC=CC1CCCCC)CCCCC2=CC=C(F)C=C2,Valid_Novel_Lipinski_Compliant
O=C(O)C1=CC=CC(=C1)C=CCCCCCCCCCCCCCCCCCCC2CCCCC2,Valid_Novel_Lipinski_Compliant
CCCCCCCCC(CC)CC1CC1,Valid_Novel_Lipinski_Compliant
O=CNC=CC=CC=CC=CC=C,Valid_Novel_Lipinski_Compliant
OC(CC1CC=CCC1)CCCCCCCC2=CCCC3=C2C3,Valid_Novel_Lipinski_Compliant
N=C(O)CC(CCCCCCCCCCCCCCCC1CC1)CC2=CC=C(F)C=C2,Valid_Novel_Lipinski_Compliant
CC(CCCNC(=O)C=CC=CC=CCCCCCCC1C2CCC=C1)CCCCCC2,Valid_Novel_Lipinski_Compliant
CC=C(CCCCC)CCCCC1CCCCCCCCCCCCC2C=C2CCC1,Valid_Novel_Lipinski_Compliant
N#CC=CC=C(C1=CC=C2C=C1CCCCCCCCCCCCC3CCCC=C3)C2,Valid_Novel_Lipinski_Compliant
C1C(=O)NC=CC=C(S(=O)C=O)CC=C1,Valid_Novel_Lipinski_Compliant
CNC(=O)NC=CC=C1C(C)CCC2CCCCC2C1,Valid_Novel_Lipinski_Compliant
CC=CC1=CC(CC=CC2=CCCCC=C2)C=C1,Valid_Novel_Lipinski_Compliant
NC1=NC=NC=C1N=CCC2=CC=C=CC2,Valid_Novel_Lipinski_Compliant
C=CC1=C(C=CC=CC(CC2CC)CC=C2C)C=C1,Valid_Novel_Lipinski_Compliant
CCCC=C1C(C)=C(C=CC2=CC)CC2CC1,Valid_Novel_Lipinski_Compliant
FC(CC1CC=CCC1)CCCCCC2CCCCCCCCCC3CC=CC=C3CC2,Valid_Novel_Lipinski_Compliant
COC=C1C(CCC(C2=CC=CC=C2)=CCCCCCCCCC=C=C3C)C31,Valid_Novel_Lipinski_Compliant
CCN1CCCC1C(=O)NCCCCC2=CC=C(Cl)C=C2,Valid_Novel_Lipinski_Compliant
COC=CC=CN1C=CC=C(C(=O)CCCC)CCCCCCCCCCC2CC21,Valid_Novel_Lipinski_Compliant
NC(=O)C=CC=CC(=C)CCCCCCCCC1=CC=C(C)C=C1,Valid_Novel_Lipinski_Compliant
CN(C)C=NC1=CC=CC=C1CC2=CC=CC=C2,Valid_Novel_Lipinski_Compliant
CC(CCCCCCCCCCCC)CCC1CCC2=CC=CC=C2CC1,Valid_Novel_Lipinski_Compliant
O=C(O)CC=CC=CC(CCC=CCCCCCCC1CC=CC=C1C)=C,Valid_Novel_Lipinski_Compliant
CC1=CC=CC=C1NC(=O)CCCCC2C3=CCCC=C3CCCC2,Valid_Novel_Lipinski_Compliant
O=C(CCC=CC=CC=CC=C=C)CCC1CC=CC2=C1CCCC2,Valid_Novel_Lipinski_Compliant
CC(C)CC(=O)C1=CC=CC=C1CCCCCCCCCC2=CC=CC=C2C3CC3,Valid_Novel_Lipinski_Compliant
NC(=O)CCCCN(C=C1C=CC=CCCCCCC2CCCC=C2CC)CC1,Valid_Novel_Lipinski_Compliant
CCCNC(=O)CC1C(CCCCCCCCCCCCC2CC2C3)C3C1,Valid_Novel_Lipinski_Compliant
O=C(COC1=CC=CC=C1)C=C=CC=CC=C,Valid_Novel_Lipinski_Compliant
CNC=CC(CC=CC=CC(C)CCCCCC1CC1C=C)=C,Valid_Novel_Lipinski_Compliant
CC=CC=C(CCC(=O)NCCC1CCCCC1)C#C,Valid_Novel_Lipinski_Compliant
CC(=NC=CC=CC=CCCCC1CCCC2CC)CC=C2C1,Valid_Novel_Lipinski_Compliant
CCNC=C1N(C=CC=C(CC=CC=CCCCCC2CCC)C#C2)C1,Valid_Novel_Lipinski_Compliant
COC=CC=CC=CC(O)=C1C(CCCCCCCCCCCCCC=2CC=2)=C1,Valid_Novel_Lipinski_Compliant
CC=CC1=CC(C)=CC=C(C2CCCC=C2)C=C1,Valid_Novel_Lipinski_Compliant
NCC=CC=CCCCCCC=1CC=1C,Valid_Novel_Lipinski_Compliant
C1OC(=O)C=CC=C(C(=O)C=O)C1,Valid_Novel_Lipinski_Compliant
CCCCCC(C)CC1CCCCCCCCCCCC2CCCC=C2CCCC1,Valid_Novel_Lipinski_Compliant
